1,,IET,IRETAMA,IET
2,,NPI,NOVA PRATA DO IGUACU,NPI
3,,STL,SALTO DO LONTRA,STL
4,,IRCL,IRATI,IRI
5,,PGSM,PONTA GROSSA,PGO
6,,APO,ARAPOTI,APO
7,,MLW,MISSAL,MLW
8,,TEB,TELEMACO BORBA,TEB
9,,RESE,RESERVA DO IGUACU,RESE
10,,RRV,RESERVA,RRV
11,,MGJV,MARINGA,MGA
12,,TOSC,TOLEDO,TOO
13,,GRE,GOIOERE,GRE
14,,PNIR,PINHAIS,PNIS
15,,CTJ1,CURITIBA,CTA
16,,CTME,CURITIBA,CTA
17,,CTOR,CURITIBA,CTA
18,,CTJE,CURITIBA,CTA
19,,SJAL,SAO JOSE DOS PINHAIS,SJP
20,,CKJP,CAMPINA GRANDE DO SUL,CKG
21,,SJIN,SAO JOSE DOS PINHAIS,SJP
22,,CTV1,CURITIBA,CTA
23,,CTCJ,CURITIBA,CTA
24,,CTIG,CURITIBA,CTA
25,,CTPI,CURITIBA,CTA
26,,CTJV,CURITIBA,CTA
27,,CTDA,CONTENDA,CTDA
28,,POT,PALOTINA,POT
29,,UMR,UMUARAMA,UMR
30,,AUN,ARARUNA,AUN
31,,CPPA,CORNELIO PROCOPIO,CPP
32,,PVAE,PARANAVAI,PVA
33,,RLA,ROLANDIA,RLA
34,,CACE,CAMBE,CAB
35,,APCL,ARAPONGAS,APS
36,,GIA,GUAIRA,GIA
37,,CMK,CONSELHEIRO MAIRINCK,CMK
38,,IBT,IBAITI,IBT
39,,LND,LOANDA,LND
40,,QNE,QUERENCIA DO NORTE,QNE
41,,NLD,NOVA LONDRINA,NLD
42,,TOO,TOLEDO,TOO
43,,ATCA,ALMIRANTE TAMANDARE,ATT
44,,PML,PALMITAL,PML
45,,MDG,MANDAGUARI,MDG
46,,SLI,SAO MIGUEL DO IGUACU,SLI
47,,CLG,CAMPO LARGO,CLG
48,,PUNM,PORTO UNIAO,PUN
49,,SSL,SAO MATEUS DO SUL,SSL
50,,BUU,BITURUNA,BUU
51,,MUH,MANGUEIRINHA,MUH
52,,DEO,DIAMANTE DOESTE,DEO
53,,MGJA,MARINGA,MGA
54,,CTCS,CURITIBA,CTA
55,,BQE,BRUSQUE,BQE
56,,APK,APIUNA,APK
57,,BELC,GASPAR,GPR
58,,PEU,PRESIDENTE GETULIO,PEU
59,,ALY,AGROLANDIA,ALY
60,,TAO,TAIO,TAO
61,,VRM,VIDAL RAMOS,VRM
62,,BPAT,ITAPOA,ITH
63,,BGC,BIGUACU,BGC
64,,PNAE,PARANAGUA,PNG
65,,PNBE,PARANAGUA,PNG
66,,JIV,JAGUARIAIVA,JIV
67,,RBL,RIO BRANCO DO SUL,RBL
68,,PGMT,PONTA GROSSA,PGO
69,,BON,BRACO DO NORTE,BON
70,,DJQM,BRUSQUE,BQE
71,,FNS,FLORIANOPOLIS,FNS
72,,MFU,MORRO DA FUMACA,MFU
73,,STFI,AGUAS MORNAS,AMY
74,,PLI,PALMITOS,PLI
75,,SEAT,SAO BENTO DO SUL,SBS
76,,MEVD,FLORIANOPOLIS,FNS
77,,BCU,BALNEARIO CAMBORIU,BCU
78,,TBEI,BALNEARIO CAMBORIU,BCU
79,,CSAA,SAO JOSE,SOO
80,,CRDR,FLORIANOPOLIS,FNS
81,,TIMB,JOINVILLE,JVE
82,,BV01,BARRA VELHA,BVH
83,,IANE,BLUMENAU,BNU
84,,ITPZ,BLUMENAU,BNU
85,,RPAT,JOINVILLE,JVE
86,,RRBC,GUARAMIRIM,GMM
87,,CNVS,FLORIANOPOLIS,FNS
88,,TRO,TUBARAO,TRO
89,,AQI,ARAQUARI,AQI
90,,AIIT,ITAJAI,IAI
91,,BRSU,BALNEARIO CAMBORIU,BCU
92,,CDA,CONCORDIA,CDA
93,,CORY,LAGES,LGS
94,,VII,VIDEIRA,VII
95,,INVR,FLORIANOPOLIS,FNS
96,,CTSA,JOINVILLE,JVE
97,,FLRT,JOINVILLE,JVE
98,,MOPS,FLORIANOPOLIS,FNS
99,,JVE,JOINVILLE,JVE
100,,CUA,CRICIUMA,CUA
101,,IAI,ITAJAI,IAI
102,,AMY,AGUAS MORNAS,AMY
103,,SIZ,SANTO AMARO DA IMPERATRIZ,SIZ
104,,FQUA,SAO JOSE,SOO
105,,ITGW,FLORIANOPOLIS,FNS
106,,AVTO,JOINVILLE,JVE
107,,SFS,SAO FRANCISCO DO SUL,SFS
108,,IATE,JOINVILLE,JVE
109,,ITUW,JOINVILLE,JVE
110,,MSB,MASSARANDUBA,MSB
111,,OXFD,SAO BENTO DO SUL,SBS
112,,PCX,PICARRAS,PCX
113,,RMTS,JOINVILLE,JVE
114,,ROD,RODEIO,ROD
115,,ROMT,INDAIAL,IDL
116,,SCHR,SCHROEDER,SCH
117,,VINX,JOINVILLE,JVE
118,,SNX,SAO LOURENCO DO OESTE,SNX
119,,MGRD,LAGUNA,LGA
120,,FGO,FRAIBURGO,FGO
121,,JDEL,PALHOCA,PAC
122,,CDR,CACADOR,CDR
123,,BNU,BLUMENAU,BNU
124,,A117,BLUMENAU,BNU
125,,BP04,BLUMENAU,BNU
126,,CALT,CAPAO ALTO,CALT
127,,I154,BLUMENAU,BNU
128,,IDL4,INDAIAL,IDL
129,,JGS,JARAGUA DO SUL,JGS
130,,LMOI,ITAJAI,IAI
131,,RIPW,LUIZ ALVES,LZV
132,,ST02,BRUSQUE,BQE
133,,TRDE,FLORIANOPOLIS,FNS
134,,UNLE,JOINVILLE,JVE
135,,BS1E,BALNEARIO CAMBORIU,BCU
136,,SESI,BLUMENAU,BNU
137,,IIR,IBIRAMA,IIR
138,,ROBT,JOINVILLE,JVE
139,,ROB2,JOINVILLE,JVE
140,,CENE,CERRO NEGRO,CENE
141,,PAFA,PALHOCA,PAC
142,,RIO,RIO DO OESTE,RIO
143,,EV02,SAO FRANCISCO DO SUL,SFS
144,,EVNO,SAO FRANCISCO DO SUL,SFS
145,,FL23,JOINVILLE,JVE
146,,FL88,JOINVILLE,JVE
147,,ATTO,POUSO REDONDO,PUO
148,,WUM,WITMARSUM,WUM
149,,SRHO,TUBARAO,TRO
150,,AG01,BLUMENAU,BNU
151,,ASCS,BRUSQUE,BQE
152,,BD11,BLUMENAU,BNU
153,,BENK,MASSARANDUBA,MSB
154,,CY43,LAGES,LGS
155,,FL37,JOINVILLE,JVE
156,,MRAB,BALNEARIO CAMBORIU,BCU
157,,RMT8,JOINVILLE,JVE
158,,CAIC,JARAGUA DO SUL,JGS
159,,CDIS,ITAJAI,IAI
160,,CBW,CAMBORIU,CBW
161,,IRIU,JOINVILLE,JVE
162,,AOC,AGRONOMICA,AOC
163,,ITPC,ARAQUARI,AQI
164,,LGA,LAGUNA,LGA
165,,BAOB,LAGUNA,LGA
166,,MR01,JOINVILLE,JVE
167,,VEHA,BLUMENAU,BNU
168,,IEA,ITAPEMA,IEA
169,,PDRO,PRAIA DO RINCAO,PDRO
170,,MPRA,ITAPEMA,IEA
171,,PRQE,PORTO BELO,PEL
172,,NOBM,NOVA DESCOBERTA,NOBM
173,,MRDA,SAO FRANCISCO DO SUL,SFS
174,,JFLS,JOINVILLE,JVE
175,,PEL,PORTO BELO,PEL
176,,ITP7,ITAJAI,IAI
177,,CDI1,ITAJAI,IAI
178,,SGCU,JOINVILLE,JVE
179,,ECLV,NAVEGANTES,NVG
180,,ILO,ILHOTA,ILO
181,,IVCC,BLUMENAU,BNU
182,,ANGD,JOINVILLE,JVE
183,,BSVI,ITAJAI,IAI
184,,ECAL,MORRO DA FUMACA,MFU
185,,ILHO,ITAPEMA,IEA
186,,CEAL,BRUSQUE,BQE
187,,PHIO,CRICIUMA,CUA
188,,IDL,INDAIAL,IDL
189,,AOSA,BALNEARIO ARROIO DO SILVA,AOSA
190,,PPHA,PALHOCA,PAC
191,,ENSA,SAO FRANCISCO DO SUL,SFS
192,,SWLA,JARAGUA DO SUL,JGS
193,,AIRU,PALHOCA,PAC
194,,COCL,COCAL DO SUL,COCL
195,,TVO,TURVO,TVO
196,,BOVT,BLUMENAU,BNU
197,,JIPG,BIGUACU,BGC
198,,DAFA,JOINVILLE,JVE
199,,EPNS,JOINVILLE,JVE
200,,GLOR,JOINVILLE,JVE
201,,GRAT,NAVEGANTES,NVG
202,,IIG4,JOINVILLE,JVE
203,,ITSC,BLUMENAU,BNU
204,,STRE,ITAJAI,IAI
205,,SECE,BRUSQUE,BQE
206,,KARS,BLUMENAU,BNU
207,,JOCK,SAO FRANCISCO DO SUL,SFS
208,,IMU,IMBUIA,IMU
209,,LZV,LUIZ ALVES,LZV
210,,PODF,ARAQUARI,AQI
211,,POD,POMERODE,POD
212,,MFIS,BLUMENAU,BNU
213,,MCHS,NAVEGANTES,NVG
214,,NILA,BRUSQUE,BQE
215,,LGBH,GUABIRUBA,GBR
216,,SECW,BARRA VELHA,BVH
217,,OLS,ORLEANS,OLS
218,,SOMC,JOINVILLE,JVE
219,,VAIA,BLUMENAU,BNU
220,,SNLD,NAVEGANTES,NVG
221,,BQ48,BRUSQUE,BQE
222,,CNZ,CAPINZAL,CNZ
223,,PSPR,CRICIUMA,CUA
224,,NVG,NAVEGANTES,NVG
225,,IUP,ITUPORANGA,IUP
226,,CBK,CAMPO BELO DO SUL,CBK
227,,ARMC,FLORIANOPOLIS,FNS
228,,ETDA,JOINVILLE,JVE
229,,PAIE,PAINEL,PAIE
230,,BBCZ,ITAPEMA,IEA
231,,CNGD,BOMBINHAS,BOMB
232,,SIE,SIDEROPOLIS,SIE
233,,RIMI,RIO MAINA,RIMI
234,,LOS,LONTRAS,LOS
235,,BOR,BOM JARDIM DA SERRA,BOR
236,,BVR1,JARAGUA DO SUL,JGS
237,,BVH,BARRA VELHA,BVH
238,,GP28,GASPAR,GPR
239,,BAR4,GASPAR,GPR
240,,PAGT,BARRA VELHA,BVH
241,,ASCX,BRUSQUE,BQE
242,,AGD,ANITA GARIBALDI,AGD
243,,VDHO,CRICIUMA,CUA
244,,SJQ,SAO JOAQUIM,SJQ
245,,TOCL,POMERODE,POD
246,,LG74,LAGES,LGS
247,,NZA,NOVA VENEZA,NZA
248,,CTRA,FLORIANOPOLIS,FNS
249,,FQA,FORQUILHINHA,FQA
250,,STYA,BRUSQUE,BQE
251,,ST03,BRUSQUE,BQE
252,,CHTV,CHAPECO,CCO
253,,SDX,SAO DOMINGOS,SDX
254,,FOSA,FORMOSA DO SUL,FOSA
255,,IING,JOINVILLE,JVE
256,,PIBV,BRACO DO NORTE,BON
257,,BOVH,BLUMENAU,BNU
258,,MF01,BLUMENAU,BNU
259,,GPR,GASPAR,GPR
260,,BP03,BLUMENAU,BNU
261,,PLAL,PLANALTO ALEGRE,PLAL
262,,JOR,JABORA,JOR
263,,IPUU,IPUACU,IPUU
264,,IRUB,IMBITUBA,IMA
265,,PHP,PINHEIRO PRETO,PHP
266,,ROF,RIO FORTUNA,ROF
267,,SACL,SAO CRISTOVAO DO SUL,SACL
268,,BP05,BLUMENAU,BNU
269,,ITIV,ITAJAI,IAI
270,,SGK,SAO LUDGERO,SGK
271,,BAR5,GASPAR,GPR
272,,PAC4,PALHOCA,PAC
273,,VINO,IMBITUBA,IMA
274,,LMO1,BRUSQUE,BQE
275,,IV12,BLUMENAU,BNU
276,,SEDQ,LAGUNA,LGA
277,,NVBA,IMBITUBA,IMA
278,,BARK,GASPAR,GPR
279,,BRLG,FLORIANOPOLIS,FNS
280,,ALSI,PALHOCA,PAC
281,,VRG3,FLORIANOPOLIS,FNS
282,,SJRV,FLORIANOPOLIS,FNS
283,,CPVA,CAPIVARI DE BAIXO,CPVA
284,,PSBR,LAGUNA,LGA
285,,TBC,TROMBUDO CENTRAL,TBC
286,,LAU,LAURENTINO,LAU
287,,SJIU,SAO JOAO DO ITAPERIU,SJIU
288,,STLC,PALMITOS,PLI
289,,UUG,URUSSANGA,UUG
290,,JVTA,JOINVILLE,JVE
291,,COU,CORUPA,COU
292,,TREV,TREVISO,TREV
293,,BAV1,GASPAR,GPR
294,,SAZD,SAZD-CRE-INTERFACE,SAZD
295,,CCO,CHAPECO,CCO
296,,ARBT,ARABUTA,ARBT
297,,ALA1,IMBITUBA,IMA
298,,FLSM,LAGUNA,LGA
299,,MABO,MARECHAL BORMANN,MABO
300,,BOBU,BRACO DO BAU,BOBU
301,,BEVK,ITUPORANGA,IUP
302,,CAMP,DONA EMMA,DNM
303,,DALB,IBIRAMA,IIR
304,,ETAL,ETAL-CRE-INTERFACE,ETAL
305,,GASC,GASPAR,GPR
306,,IE92,ITAPEMA,IEA
307,,IMA,IMBITUBA,IMA
308,,IRU,IMARUI,IRU
309,,IT03,BLUMENAU,BNU
310,,IV02,BLUMENAU,BNU
311,,KBNV,KPER-CRE-INTERFACE,KPER
312,,MF02,BLUMENAU,BNU
313,,MIRA,PRESIDENTE GETULIO,PEU
314,,ROD1,RODEIO,ROD
315,,RODM,LUIZ ALVES,LZV
316,,RCP,RIO DO CAMPO,RCP
317,,SMAR,SANTA MARIA,SMAR
318,,SRAI,PRESIDENTE GETULIO,PEU
319,,STTZ,SANTA TEREZINHA,STTW
320,,STHO,SALTINHO,STHO
321,,PCC,PRESIDENTE CASTELO BRANCO,PCC
322,,UOE,UNIAO DO OESTE,UOE
323,,FORZ,BLUMENAU,BNU
324,,BHTE,ITAJAI,IAI
325,,POCE,POMERODE,POD
326,,POEM,PORTO ESCALVADO,POEM
327,,RAFB,IBIRAMA,IIR
328,,MOGA,MORRO GRANDE,MOGA
329,,JOQ1,FLORIANOPOLIS,FNS
330,,LGB2,GUABIRUBA,GBR
331,,RCD,RIO DOS CEDROS,RCD
332,,DPN,DOUTOR PEDRINHO,DPN
333,,AO90,GOVERNADOR CELSO RAMOS,GCS
334,,SGG1,MELEIRO,MEI
335,,SNG1,ARARANGUA,ARU
336,,BVGE,MELEIRO,MEI
337,,CEH,CANELINHA,CEH
338,,ITH,ITAPOA,ITH
339,,TIL,TIMBE DO SUL,TIL
340,,BFAT,JOINVILLE,JVE
341,,AOP4,BIGUACU,BGC
342,,AIC,ANTONIO CARLOS,AIC
343,,SMO,SOMBRIO,SMO
344,,SEQ,SANTA ROSA DO SUL,SEQ
345,,JARP,JARDINOPOLIS,JARP
346,,JCH,JACINTO MACHADO,JCH
347,,LCNS,ARARANGUA,ARU
348,,SOAT,CONCORDIA,CDA
349,,CTRR,FLORIANOPOLIS,FNS
350,,CRGO,NOVA VENEZA,NZA
351,,JOAQ,FLORIANOPOLIS,FNS
352,,SIGO,SANTIAGO DO SUL,SIGO
353,,BGVA,BALNEARIO GAIVOTA,BGVA
354,,RMTB,MELEIRO,MEI
355,,RTE2,FLORIANOPOLIS,FNS
356,,ABVT,ALTO BELA VISTA,ABVT
357,,CCPE,FLORIANOPOLIS,FNS
358,,RIN,RIO NEGRINHO,RIN
359,,CNV,CAMPOS NOVOS,CNV
360,,GRB,GAROPABA,GRB
361,,RDDZ,RODEIO,ROD
362,,NVRA,MORRO GRANDE,MOGA
363,,PVDE,MELEIRO,MEI
364,,MEI,MELEIRO,MEI
365,,BVST,JOINVILLE,JVE
366,,LGS,LAGES,LGS
367,,RON,MAFRA,MFA
368,,SGE,SAO MIGUEL DOESTE,SGE
369,,AISM,SAO MIGUEL DOESTE,SGE
370,,AISL,SAO MIGUEL DOESTE,SGE
371,,IMK,IPUMIRIM,IMK
372,,LDU,LINDOIA DO SUL,LDU
373,,PLLA,CONCORDIA,CDA
374,,LZRO,CRICIUMA,CUA
375,,ALFH,BENEDITO NOVO,BNV
376,,AHT,ANCHIETA,AHT
377,,ARTO,JOINVILLE,JVE
378,,RTES,FLORIANOPOLIS,FNS
379,,BRTR,BRACO DO TROMBUDO,BRTR
380,,RODL,RODL-CRE-INTERFACE,RODL
381,,SI04,SANTO AMARO DA IMPERATRIZ,SIZ
382,,STIM,SAO JOSE,SOO
383,,ROPA,RIO DA PRATA,ROPA
384,,ROMS,RIO MILANES,ROMS
385,,CWB,CAIBI,CWB
386,,ZTA,ZORTEA,ZTA
387,,EGTR,BIGUACU,BGC
388,,CJSS,PALHOCA,PAC
389,,CSA2,SAO JOSE,SOO
390,,TRO4,TUBARAO,TRO
391,,PSW,PONTE SERRADA,PSW
392,,BASJ,TUBARAO,TRO
393,,AILG,LAGES,LGS
394,,CSTZ,SAO PEDRO DE ALCANTARA,SPAL
395,,CST2,SAO PEDRO DE ALCANTARA,SPAL
396,,INRV,FLORIANOPOLIS,FNS
397,,DCS,DESCANSO,DCS
398,,RBI4,FLORIANOPOLIS,FNS
399,,RBIL,FLORIANOPOLIS,FNS
400,,SDFE,CRICIUMA,CUA
401,,SRL,SAO CARLOS,SRL
402,,UUI,URUBICI,UUI
403,,SAR,SEARA,SAR
404,,BANI,BANDEIRANTE,BANI
405,,GMM,GUARAMIRIM,GMM
406,,NVHE,NOVO HORIZONTE,NVHE
407,,YCA,ICARA,YCA
408,,IXI,IRANI,IXI
409,,CBS,CURITIBANOS,CBS
410,,VARU,JARAGUA DO SUL,JGS
411,,SOO,SAO JOSE,SOO
412,,MW04,JARAGUA DO SUL,JGS
413,,NERS,JARAGUA DO SUL,JGS
414,,PBY,PERITIBA,PBY
415,,BDFT,BLUMENAU,BNU
416,,BELV,CHAPECO,CCO
417,,BIOS,LAGUNA,LGA
418,,ESRT,FLORIANOPOLIS,FNS
419,,FG03,FRAIBURGO,FGO
420,,AISJ,SAO JOSE,SOO
421,,BOJE,BOM JESUS,BOJE
422,,HVD,HERVAL DOESTE,HVD
423,,BRGD,FAXINAL DOS GUEDES,FHS
424,,VAI1,BLUMENAU,BNU
425,,RBI3,FLORIANOPOLIS,FNS
426,,BCTO,SAO BENTO DO SUL,SBS
427,,ESBC,LAGUNA,LGA
428,,JCA,JOACABA,JCA
429,,SBCL,LAGUNA,LGA
430,,NEM,NOVA ERECHIM,NEM
431,,SBS,SAO BENTO DO SUL,SBS
432,,CAPK,SAO JOSE,SOO
433,,PASH,PALHOCA,PAC
434,,CLHA,FLORIANOPOLIS,FNS
435,,JMAT,FLORIANOPOLIS,FNS
436,,VANA,ICARA,YCA
437,,ARVO,ARVOREDO,ARVO
438,,CLF,CORONEL FREITAS,CLF
439,,PDAM,ILHOTA,ILO
440,,HUGO,NAVEGANTES,NVG
441,,FLST,FLOR DO SERTAO,FLST
442,,PRIO,PARAISO,PRIO
443,,RMD,ROMELANDIA,RMD
444,,TIGR,TIGRINHOS,TIGR
445,,GAB,GUARACIABA,GAB
446,,SSC,SAO JOSE DO CEDRO,SSC
447,,MVH,MARAVILHA,MVH
448,,ARU,ARARANGUA,ARU
449,,JURR,FLORIANOPOLIS,FNS
450,,TIMI,TIJUCAS,TIJ
451,,SORJ,BIGUACU,BGC
452,,EVV,ERVAL VELHO,EVV
453,,BVRA,JARAGUA DO SUL,JGS
454,,BD10,BLUMENAU,BNU
455,,BD05,BLUMENAU,BNU
456,,JUU,JAGUARUNA,JUU
457,,FAG1,CONCORDIA,CDA
458,,TAQS,RANCHO QUEIMADO,RQO
459,,RQO,RANCHO QUEIMADO,RQO
460,,AMY1,AGUAS MORNAS,AMY
461,,PGK,PEDRAS GRANDES,PGK
462,,JGS1,JARAGUA DO SUL,JGS
463,,SCH,SCHROEDER,SCH
464,,SWL1,JARAGUA DO SUL,JGS
465,,PBRR,LAGUNA,LGA
466,,PAC3,PALHOCA,PAC
467,,IIG5,JOINVILLE,JVE
468,,LBL,LEOBERTO LEAL,LBL
469,,PGD,PRAIA GRANDE,PGD
470,,BMR,BOM RETIRO,BMR
471,,ROB3,JOINVILLE,JVE
472,,LDP,LACERDOPOLIS,LDP
473,,FL11,JOINVILLE,JVE
474,,SGTC,ARARANGUA,ARU
475,,MOCL,MONTE CARLO,MOCL
476,,CDLO,CHAPADAO DO LAGEADO,CDLO
477,,BDSY,ITAPOA,ITH
478,,RIFI,TREZE DE MAIO,TZE
479,,BBBV,JAGUARUNA,JUU
480,,PNSU,FLORIANOPOLIS,FNS
481,,MOCV,ARARANGUA,ARU
482,,QALA,CRICIUMA,CUA
483,,PSMA,PASSOS MAIA,PSMA
484,,SC02,SCHROEDER,SCH
485,,RSL,RIO DO SUL,RSL
486,,MOUR,CANELINHA,CEH
487,,LC90,ARARANGUA,ARU
488,,SABX,NOVA VENEZA,NZA
489,,CTA,CURITIBA,CTA
490,,ITBI,FLORIANOPOLIS,FNS
491,,VHGR,BLUMENAU,BNU
492,,CLE,CAMPO ALEGRE,CLE
493,,BSBO,CAMPO ALEGRE,CLE
494,,SGAA,ARARANGUA,ARU
495,,GCIA,BLUMENAU,BNU
496,,BRLS,BRUNOPOLIS,BRLS
497,,TPTB,BIGUACU,BGC
498,,BNV,BENEDITO NOVO,BNV
499,,IDL2,INDAIAL,IDL
500,,BSJO,BENEDITO NOVO,BNV
501,,RBCA,POMERODE,POD
502,,CHUN,CHAPECO,CCO
503,,BAVG,JAGUARUNA,JUU
504,,BYV1,ICARA,YCA
505,,CXB,CAXAMBU DO SUL,CXB
506,,RMLH,JARAGUA DO SUL,JGS
507,,CTC1,GUARAMIRIM,GMM
508,,GM01,GUARAMIRIM,GMM
509,,ETRI,ENTRE RIOS,ETRI
510,,IFGA,JARAGUA DO SUL,JGS
511,,MWEE,JARAGUA DO SUL,JGS
512,,ECTA,GAROPABA,GRB
513,,CUNI,CUNHATAI,CUNI
514,,BS02,BALNEARIO CAMBORIU,BCU
515,,CRUZ,FORQUILHINHA,FQA
516,,SBAO,NOVA VENEZA,NZA
517,,RM10,CRICIUMA,CUA
518,,SABQ,FLORIANOPOLIS,FNS
519,,TQAS,TQAS-CRE-INTERFACE,TQAS
520,,FRTX,BLUMENAU,BNU
521,,CNLG,FLORIANOPOLIS,FNS
522,,EAAA,BLUMENAU,BNU
523,,MDL,MODELO,MDL
524,,QBO,QUILOMBO,QBO
525,,CSA3,SAO JOSE,SOO
526,,ASC,ASCURRA,ASC
527,,FRTZ,BLUMENAU,BNU
528,,GUAB,GUATAMBU,GUAB
529,,COBM,JAGUARUNA,JUU
530,,SB08,FLORIANOPOLIS,FNS
531,,SANG,SANGAO,SANG
532,,BP02,BLUMENAU,BNU
533,,BP79,BLUMENAU,BNU
534,,BPGS,BLUMENAU,BNU
535,,AWR,ALFREDO WAGNER,AWR
536,,PATS,PASSO DE TORRES,PATS
537,,BAG1,BAOG-CRE-INTERFACE,BAOG
538,,ITS1,BLUMENAU,BNU
539,,BETE,PASSO DE TORRES,PATS
540,,KROD,KPER-CRE-INTERFACE,KPER
541,,RIFN,RIFN-CRE-INTERFACE,RIFN
542,,VGO,VARGEAO,VGO
543,,SJL,SAO JOAO DO SUL,SJL
544,,RSTV,RIO DO SUL,RSL
545,,MAJ,MARACAJA,MAJ
546,,M181,BLUMENAU,BNU
547,,CLA1,NOVA TRENTO,NVT
548,,PAMX,GOVERNADOR CELSO RAMOS,GCS
549,,CTPJ,FLORIANOPOLIS,FNS
550,,BMBS,BOMBAS,BMBS
551,,CAHE,FLORIANOPOLIS,FNS
552,,D278,INDAIAL,IDL
553,,MOGE,SANGAO,SANG
554,,GLV,GALVAO,GLV
555,,GAV,GRAVATAL,GAV
556,,UBAT,SAO FRANCISCO DO SUL,SFS
557,,TZE,TREZE DE MAIO,TZE
558,,AGVY,BLUMENAU,BNU
559,,CNZ3,CAPINZAL,CNZ
560,,BOMB,BOMBINHAS,BOMB
561,,BRES,SAO JOSE,SOO
562,,CTBL,CURITIBA,CTA
563,,UVA,UNIAO DA VITORIA,UVA
564,,DVZ,DOIS VIZINHOS,DVZ
565,,PRPO,SEM DESCRICAO,PRPO
566,,PQJP,PIRAQUARA,PQA
567,,ADP,ADRIANOPOLIS,ADP
568,,ATCL,ALMIRANTE TAMANDARE,ATT
569,,AON,ANTONINA,AON
570,,AUCE,ARAUCARIA,AUC
571,,AUXI,ARAUCARIA,AUC
572,,BLV,BALSA NOVA,BLV
573,,BUV,BOCAIUVA DO SUL,BUV
574,,CKCE,CAMPINA GRANDE DO SUL,CKG
575,,CRZ,CERRO AZUL,CRZ
576,,CBFB,COLOMBO,CBX
577,,CBGT,COLOMBO,CBX
578,,CBRG,COLOMBO,CBX
579,,CTST,CURITIBA,CTA
580,,DRUS,DOUTOR ULYSSES,DRUS
581,,FZR,FAZENDA RIO GRANDE,FZR
582,,GQB,GUARAQUECABA,GQB
583,,GRCE,GUARATUBA,GRU
584,,GRAE,GUARATUBA,GRU
585,,IPCF,ITAPERUCU,IPRU
586,,LPA,LAPA,LPA
587,,MDT,MANDIRITUBA,MDT
588,,MOS,MATINHOS,MOS
589,,MES,MORRETES,MES
590,,PNCE,PARANAGUA,PNG
591,,PNAQ,PINHAIS,PNIS
592,,PNTA,PINHAIS,PNIS
593,,PQA,PIRAQUARA,PQA
594,,PSUL,PONTAL DO SUL,PSUL
595,,QBS,QUATRO BARRAS,QBS
596,,BOTR,BORDA DO CAMPO,BOCA
597,,SJRB,SAO JOSE DOS PINHAIS,SJP
598,,SJAF,SAO JOSE DOS PINHAIS,SJP
599,,SJRL,SAO JOSE DOS PINHAIS,SJP
600,,CACA,COLONIA CASTROLANDA,CACA
601,,ADU,AGUDOS DO SUL,ADU
602,,CTSL,CURITIBA,CTA
603,,AUCT,ARAUCARIA,AUC
604,,BUGE,BUGRE,BUGE
605,,COTR,COLONIA FARIA,COFI
606,,PLBO,PAIOL DE BAIXO,PLBO
607,,CXN,CAMPO DO TENENTE,CXN
608,,CAAB,CAMPO MAGRO,CAMG
609,,CACR,CAMPO MAGRO,CAMG
610,,CBGR,COLOMBO,CBX
611,,CACB,CAMBE,CAB
612,,CTAB,CURITIBA,CTA
613,,CTCR,CURITIBA,CTA
614,,CTXX,CURITIBA,CTA
615,,CTAV,CURITIBA,CTA
616,,CTKA,CURITIBA,CTA
617,,CTBV,CURITIBA,CTA
618,,CTBR,CURITIBA,CTA
619,,CTBQ,CURITIBA,CTA
620,,CTSQ,CURITIBA,CTA
621,,CTKS,CURITIBA,CTA
622,,CTC2,CURITIBA,CTA
623,,CTL1,CURITIBA,CTA
624,,CTPN,CURITIBA,CTA
625,,CTUB,CURITIBA,CTA
626,,CTGK,CURITIBA,CTA
627,,CTPL,CURITIBA,CTA
628,,CTAC,CURITIBA,CTA
629,,CTPT,CURITIBA,CTA
630,,CTOW,CURITIBA,CTA
631,,CTLB,CURITIBA,CTA
632,,CTTT,CURITIBA,CTA
633,,CTDT,CURITIBA,CTA
634,,GRBN,GUARATUBA,GRU
635,,GRCO,GUARATUBA,GRU
636,,ARBS,AREIA BRANCA DOS ASSIS,ARBS
637,,ALEA,ALEXANDRA,ALEA
638,,CSSR,CASCAVEL,CSC
639,,CSFO,CASCAVEL,CSC
640,,CSGO,CASCAVEL,CSC
641,,CSRO,CASCAVEL,CSC
642,,AOA,ALTONIA,AOA
643,,APND,APUCARANA,APU
644,,APSA,ARAPONGAS,APS
645,,ASD,ASSIS CHATEAUBRIAND,ASD
646,,BMJL,BOM JESUS DO SUL,BMJL
647,,BGT,SEM DESCRICAO,BGTN
648,,CBR,CAMBARA,CBR
649,,CPAE,CAMPO MOURAO,CPM
650,,CPIP,CAMPO MOURAO,CPM
651,,CPKN,CAMPO MOURAO,CPM
652,,CBQ,CARAMBEI,CBQ
653,,CSGU,CASCAVEL,CSC
654,,CARB,CASTRO,CAT
655,,CAT,CASTRO,CAT
656,,CNAZ,CIANORTE,CNE
657,,CNCL,CIANORTE,CNE
658,,COWI,COLONIA WITMARSUM,COWI
659,,CPCL,CORNELIO PROCOPIO,CPP
660,,CTZ,CORUMBATAI DO SUL,CTZ
661,,CZG,CRUZEIRO DO IGUACU,CZG
662,,CYV,CURIUVA,CYV
663,,IMTR,DOIS IRMAOS,DOIM
664,,EEQ,ENEAS MARQUES,EEQ
665,,FXL,FAXINAL,FXL
666,,FOE,FLORESTA,FOE
667,,FOIZ,FOZ DO IGUACU,FOZ
668,,FOMF,FOZ DO IGUACU,FOZ
669,,FOTI,FOZ DO IGUACU,FOZ
670,,FOVL,FOZ DO IGUACU,FOZ
671,,IOR,IBIPORA,IOR
672,,IGUP,IGUIPORA,IGUP
673,,IUV,IMBITUVA,IUV
674,,IOE,IRACEMA DO OESTE,IOE
675,,IVT,IVATE,IVT
676,,JGP,JAGUAPITA,JGP
677,,JNS,JANIOPOLIS,JNS
678,,JZN,JATAIZINHO,JZN
679,,LDA,LONDRINA,LDA
680,,LZI,LUIZIANA,LZI
681,,MMR,MAMBORE,MMR
682,,MGC,MANDAGUACU,MGC
683,,MRH,MARECHAL CANDIDO RONDON,MRH
684,,MRV,MARIALVA,MRV
685,,MGCI,MARINGA,MGA
686,,MGDI,MARINGA,MGA
687,,MGMA,MARINGA,MGA
688,,MGNM,MARINGA,MGA
689,,MWR,MARIPA,MWR
690,,MLE,MARMELEIRO,MLE
691,,MDN,MEDIANEIRA,MDN
692,,MCK,MERCEDES,MCK
693,,NSR,NOVA SANTA ROSA,NSR
694,,NSA,SEM DESCRICAO,NOBK
695,,PNU,PAICANDU,PNU
696,,PEI,PALMEIRA,PEI
697,,PYE,PIEN,PYE
698,,PNNP,PINHAIS,PNIS
699,,PHL,PINHALAO,PHL
700,,PIS,PIRAI DO SUL,PIS
701,,PNT,PLANALTO,PNT
702,,PGDI,PONTA GROSSA,PGO
703,,PGDP,PONTA GROSSA,PGO
704,,PGSN,PONTA GROSSA,PGO
705,,PGST,PONTA GROSSA,PGO
706,,PGUA,PONTA GROSSA,PGO
707,,PGVM,PONTA GROSSA,PGO
708,,PZS,PORTO AMAZONAS,PZS
709,,POMN,PORTO MENDES,POMN
710,,PFI,PRADO FERREIRA,PFI
711,,POM,PRIMEIRO DE MAIO,POM
712,,PDT,PRUDENTOPOLIS,PDT
713,,QTP,QUATRO PONTES,QTP
714,,QNL,QUINTA DO SOL,QNL
715,,QDN,QUITANDINHA,QDN
716,,RNN,RENASCENCA,RNN
717,,RDN,RONDON,RDN
718,,SHA,SANTA HELENA,SHA
719,,SZE,SANTA IZABEL DO OESTE,SZE
720,,SHW,SANTA TEREZINHA DE ITAIPU,SHW
721,,SSU,SANTO ANTONIO DO SUDOESTE,SSU
722,,SJD,SAO JORGE DOESTE,SJD
723,,SJZ,SAO JORGE DO PATROCINIO,SJZ
724,,BCSS,BORDA DO CAMPO DE SAO SEBASTIAO,BCSS
725,,SJCT,SAO JOSE DOS PINHAIS,SJP
726,,SWW,SARANDI,SWW
727,,SOS,SERTANOPOLIS,SOS
728,,SQC,SIQUEIRA CAMPOS,SQC
729,,TRA,TERRA RICA,TRA
730,,TKN,TUNAS DO PARANA,TKN
731,,TAS,TUPASSI,TAS
732,,UMBV,UMUARAMA,UMR
733,,VRE,VERE,VRE
734,,AEE,AMPERE,AEE
735,,2121,BELA VISTA DA CAROBA,BLTA
736,,BIG,BOA ESPERANCA DO IGUACU,BIG
737,,BVC,BOA VISTA DA APARECIDA,BVC
738,,CNM,CAPANEMA,CNM
739,,CTB1,CURITIBA,CTA
740,,CTVX,CURITIBA,CTA
741,,ERO,ENTRE RIOS DO OESTE,ERO
742,,FSR,FLOR DA SERRA DO SUL,FSR
743,,FMS,FORMOSA DO OESTE,FMS
744,,FNCL,FRANCISCO BELTRAO,FNB
745,,JUVS,JUVINOPOLIS,JUVS
746,,LPP,LUPIONOPOLIS,LPP
747,,MGBG,MARINGA,MGA
748,,NVU,NOVA CANTU,NVU
749,,NED,NOVA ESPERANCA DO SUDOESTE,NED
750,,PRL,PEROLA DOESTE,PRL
751,,PBT,PINHAL DE SAO BENTO,PBT
752,,PIQU,PIQUIRIVAI,PIQU
753,,POCG,PORTO CAMARGO,POCG
754,,PRY,PORTO RICO,PRY
755,,PHA,PRANCHITA,PHA
756,,RLZ,REALEZA,RLZ
757,,REB,REBOUCAS,REB
758,,SLF,SALGADO FILHO,SLF
759,,SED,SAO JORGE DO IVAI,SED
760,,STSS,SAO TOME,STX
761,,TOAB,TOLEDO,TOO
762,,UMCL,UMUARAMA,UMR
763,,CTAR,CURITIBA,CTA
764,,6162,PARANAGUA,PNG
765,,6178,CERNE,CERN
766,,CEAZ,CERRO AZUL,CEAZ
767,,SJAD,SAO JOSE DOS PINHAIS,SJP
768,,LGIW,LAGOINHA,LGIW
769,,CTSU,CATANDUVAS DO SUL,CTSU
770,,CTTN,CURITIBA,CTA
771,,2118,JUVINOPOLIS,JUVS
772,,MARG,MARGARIDA,MARG
773,,IPMA,IPANEMA,IPMA
774,,PNAV,PINHAIS,PNIS
775,,MNR,MANOEL RIBAS,MNR
776,,GRC,GUAIRACA,GRC
777,,MGAC,MARINGA,MGA
778,,PVSC,PARANAVAI,PVA
779,,PBTU,PATO BRANCO,PBC
780,,CUMI,CRUZMALTINA,CUMI
781,,CLEX,CAMPO LARGO,CLG
782,,PMQB,BORDA DO CAMPO,BOCA
783,,AND,ANDIRA,AND
784,,APA,ALTO PARANA,APA
785,,BAEO,BARRO PRETO,BAEO
786,,CBAV,COLOMBO,CBX
787,,CBRI,COLOMBO,CBX
788,,CLO,COLORADO,CLO
789,,CUZ,CRUZEIRO DO SUL,CUZ
790,,FERA,FERRARIA,FERA
791,,GRTU,GUARAPUAVA,GRP
792,,GRVB,GUARAPUAVA,GRP
793,,LJS,LARANJEIRAS DO SUL,LJS
794,,NEA,NOVA ESPERANCA,NEA
795,,PHO,PINHAO,PHO
796,,PIG,PITANGA,PIG
797,,PIO,PARAISO DO NORTE,PIO
798,,PIY,PARANACITY,PIY
799,,PVSD,PARANAVAI,PVA
800,,SCA,SAO JOAO DO CAIUA,SCA
801,,SCD,SAO CARLOS DO IVAI,SCD
802,,SIO,SANTO ANTONIO DO CAIUA,SIO
803,,MOSO,MATINHOS,MOS
804,,KLE,KALORE,KLE
805,,JUR,JAPURA,JUR
806,,IPSH,SHANGRILA,SHGR
807,,GATS,GAIVOTAS,GATS
808,,CIOB,CAIOBA,CIOB
809,,IRI,IRATI,IRI
810,,CSUN,CASCAVEL,CSC
811,,BNT,BANDEIRANTES,BNT
812,,VTN,VENTANIA,VTN
813,,CAK,CONTENDA,CAK
814,,CTSF,CURITIBA,CTA
815,,BBF,BARBOSA FERRAZ,BBF
816,,EBT,ENGENHEIRO BELTRAO,EBT
817,,IPO,IPORA,IPO
818,,IIL,ITAIPULANDIA,IIL
819,,MFNP,MANFRINOPOLIS,MFNP
820,,OVO,OURO VERDE DO OESTE,OVO
821,,PBR,PEABIRU,PBR
822,,PRA,PEROLA,PRA
823,,TBG,TIBAGI,TBG
824,,VLN,SEM DESCRICAO,VLNZ
825,,SJGU,SAO JOSE DOS PINHAIS,SJP
826,,FZAB,FAZENDA RIO GRANDE,FZR
827,,RSGO,RIO SAGRADO,RSGO
828,,BATE,BATEIAS,BATE
829,,MES,MORRETES,MES
830,,SAY,SAO SEBASTIAO DA AMOREIRA,SAY
831,,BZI,BORRAZOPOLIS,BZI
832,,FOKA,FOZ DO IGUACU,FOZ
833,,CML,CAMPINA DA LAGOA,CML
834,,PLF,PAULO FRONTIN,PLF
835,,SEVA,SEDE ALVORADA,SEVA
836,,MLZ,MARILUZ,MLZ
837,,GNU,GUARANIACU,GNU
838,,CSSC,CASCAVEL,CSC
839,,LDE,LINDOESTE,LDE
840,,SIF,SAO JOAO DO TRIUNFO,SIF
841,,MLL,MALLET,MLL
842,,GNC,GENERAL CARNEIRO,GNC
843,,TJS,TIJUCAS DO SUL,TJS
844,,CLRO,CAMPO LARGO,CLG
845,,MGJM,MARINGA,MGA
846,,SNP,SANTO ANTONIO DA PLATINA,SNP
847,,WBZ,WENCESLAU BRAZ,WBZ
848,,JZO,JACAREZINHO,JZO
849,,6114,PASSO AMARELO,PSAL
850,,PNJJ,PINHAIS,PNIS
851,,SJMI,SAO JOSE DOS PINHAIS,SJP
852,,6135,CAMPINA,CPNA
853,,FOS,FLORESTOPOLIS,FOS
854,,IVP,IVAIPORA,IVP
855,,JDG,JARDIM ALEGRE,JDG
856,,PNGR,PINHAIS,PNIS
857,,IME,ITAMBE,IME
858,,MGTU,MARINGA,MGA
859,,PLB,PRESIDENTE CASTELO BRANCO,PLB
860,,CBL,CORBELIA,CBL
861,,PLM,PALMAS,PLM
862,,URI,URAI,URI
863,,COMU,COLONIA MURICI,COMU
864,,TITE,TIETE,TITE
865,,MRIE,MARIENTAL,MRIE
866,,APAE,ARAPONGAS,APS
867,,FLI,FLORAI,FLI
868,,JST,JESUITAS,JST
869,,SGX,SENGES,SGX
870,,3191,VILA REIS,VIRE
871,,APCR,APUCARANA,APU
872,,APAL,APUCARANA,APU
873,,3188,VILA REIS,VIRE
874,,GRVM,GUARAPUAVA,GRP
875,,MSL,MOREIRA SALES,MSL
876,,CTU1,CURITIBA,CTA
877,,CTSP,CURITIBA,CTA
878,,JDS,JANDAIA DO SUL,JDS
879,,AVL,ALVORADA DO SUL,AVL
880,,STMT,SAO MARTINHO,STMT
881,,CLL,CARLOPOLIS,CLL
882,,SNM,SANTA MARIANA,SNM
883,,VTO,VITORINO,VTO
884,,HRS,HONORIO SERPA,HRS
885,,PBTA,PATO BRANCO,PBC
886,,MQRS,MARQUES DOS REIS,MQRS
887,,PRLE,PRAIA DE LESTE,PRLE
888,,GUC,GUARACI,GUC
889,,UMSH,UMUARAMA,UMR
890,,FNPI,FRANCISCO BELTRAO,FNB
891,,SRJ,SERTANEJA,SRJ
892,,IAS,ITAUNA DO SUL,IAS
893,,FRV,FRANCISCO ALVES,FRV
894,,5456,CURITIBA,CTA
895,,IVLA,IVAILANDIA,IVLA
896,,5411,CURITIBA,CTA
897,,FOCA,FOZ DO IGUACU,FOZ
898,,FOCC,FOZ DO IGUACU,FOZ
899,,FOIT,FOZ DO IGUACU,FOZ
900,,FOMO,FOZ DO IGUACU,FOZ
901,,FOPB,FOZ DO IGUACU,FOZ
902,,FOPM,FOZ DO IGUACU,FOZ
903,,FOTL,FOZ DO IGUACU,FOZ
904,,CTFZ,CURITIBA,CTA
905,,AAPU,ARAPUAN,AAPU
906,,ALI,ATALAIA,ALI
907,,FZJR,FOZ DO JORDAO,FZJR
908,,GRAI,GRACIOSA,GRAI
909,,GUAG,GUARAGI,GUAG
910,,IAJ,INAJA,IAJ
911,,IGUM,IGUATEMI,IGUM
912,,IWU,IGUATU,IWU
913,,IZU,IMBAU,IZU
914,,MQS,MAUA DA SERRA,MQS
915,,PENH,PENHA,PENH
916,,STF,SANTA FE,STF
917,,1111,TRONCO,TROC
918,,2161,TOLEDO,TOO
919,,6195,COLOMBO,CBX
920,,6349,ALMIRANTE TAMANDARE,ATT
921,,1135,PAZ,PAZZ
922,,1151,PONTA GROSSA,PGO
923,,4067,SERRA DOS DOURADOS,SEDU
924,,4216,NOSSA SENHORA DAS GRACAS,NSG
925,,5441,CURITIBA,CTA
926,,6224,SAO JOSE DOS PINHAIS,SJP
927,,6346,ALMIRANTE TAMANDARE,ATT
928,,6390,SAO JOSE DOS PINHAIS,SJP
929,,6206,COLOMBO,CBX
930,,SXD,SAO PEDRO DO PARANA,SXD
931,,6355,ARAUCARIA,AUC
932,,VIMT,VILA MOTA,VIMT
933,,5451,CAMPINA GRANDE DO SUL,CKG
934,,STTY,SANTO ANTONIO,STTY
935,,4004,CRUZEIRO DO SUL,CUZ
936,,4131,VIDIGAL,VIDL
937,,4257,CIANORTE,CNE
938,,6119,NUCLEO LEITEIRO,NLLR
939,,6338,RIO BRANCO DO SUL,RBL
940,,6407,CAMPINA GRANDE DO SUL,CKG
941,,CDEA,CANDEIA,CDEA
942,,CFZ,SEM DESCRICAO,CFZ
943,,ORG,ORTIGUEIRA,ORG
944,,SJX,SAO JOAO,SJX
945,,IJR,ITAPEJARA DOESTE,IJR
946,,6082,ALMIRANTE TAMANDARE,ATT
947,,6257,ALMIRANTE TAMANDARE,ATT
948,,PPX,PARANAPOEMA,PPX
949,,QIG,QUEDAS DO IGUACU,QIG
950,,1071,PONTA GROSSA,PGO
951,,1021,PONTA GROSSA,PGO
952,,BSIA,BRASILIANA,BSIA
953,,6052,SAO JOSE DOS PINHAIS,SJP
954,,6275,SAO JOSE DOS PINHAIS,SJP
955,,6393,SAO JOSE DOS PINHAIS,SJP
956,,6269,SAO JOSE DOS PINHAIS,SJP
957,,6278,SAO JOSE DOS PINHAIS,SJP
958,,6062,SAO JOSE DOS PINHAIS,SJP
959,,6223,SAO JOSE DOS PINHAIS,SJP
960,,6258,SAO JOSE DOS PINHAIS,SJP
961,,6148,SAO JOSE DOS PINHAIS,SJP
962,,SVY,SAO JOSE DA BOA VISTA,SVY
963,,FGA,FIGUEIRA,FGA
964,,SOX,SANTANA DO ITARARE,SOX
965,,SPE,SAPOPEMA,SPE
966,,1014,PONTA GROSSA,PGO
967,,5442,CURITIBA,CTA
968,,6337,QUATRO BARRAS,QBS
969,,BLTA,BELA VISTA DA CAROBA,BLTA
970,,BMPO,BOM PRINCIPIO,BMPO
971,,CICA,COLONIA CRISTINA,CICA
972,,6421,FAZENDA RIO GRANDE,FZR
973,,PGO1,PONTA GROSSA,PGO
974,,PVDI,PARANAVAI,PVA
975,,5249,CURITIBA,CTA
976,,5280,CURITIBA,CTA
977,,5373,CURITIBA,CTA
978,,5378,CURITIBA,CTA
979,,6006,COLOMBO,CBX
980,,6049,COLOMBO,CBX
981,,6311,COLOMBO,CBX
982,,6159,ALMIRANTE TAMANDARE,ATT
983,,6270,ALMIRANTE TAMANDARE,ATT
984,,6203,ANTONINA,AON
985,,6319,ARAUCARIA,AUC
986,,6299,CAMPINA GRANDE DO SUL,CKG
987,,6335,CAMPINA GRANDE DO SUL,CKG
988,,6301,ILHA DO MEL,ILHL
989,,RNUE,RIO DO NUNES,RNUE
990,,1009,PONTA GROSSA,PGO
991,,1126,PONTA GROSSA,PGO
992,,1157,PONTA GROSSA,PGO
993,,1167,PONTA GROSSA,PGO
994,,1169,PONTA GROSSA,PGO
995,,2039,TOLEDO,TOO
996,,2158,ESQUINA GAUCHA,EAGA
997,,3165,LUAR,LUAR
998,,3186,SANTO ANTONIO DO PARAISO,SAK
999,,6280,BUGRE,BUGE
1000,,AQBA,AQUIDABAN,AQBA
1001,,CQS,CAPITAO LEONIDAS MARQUES,CQS
1002,,DRG,DOUTOR CAMARGO,DRG
1003,,FREA,FLOR DA SERRA,FREA
1004,,RHG,RANCHO ALEGRE,RHG
1005,,NOCO,NOVA CONCORDIA,NOCO
1006,,5346,CURITIBA,CTA
1007,,5466,CURITIBA,CTA
1008,,6244,ALMIRANTE TAMANDARE,ATT
1009,,6347,ALMIRANTE TAMANDARE,ATT
1010,,6255,PARANAGUA,PNG
1011,,6256,PARANAGUA,PNG
1012,,6339,PARANAGUA,PNG
1013,,2044,CASCAVEL,CSC
1014,,4047,MARINGA,MGA
1015,,4050,MARINGA,MGA
1016,,4055,MARINGA,MGA
1017,,4088,MARINGA,MGA
1018,,ABAP,ABAPA,ABAP
1019,,6231,ALMIRANTE TAMANDARE,ATT
1020,,6237,ALMIRANTE TAMANDARE,ATT
1021,,6306,ALMIRANTE TAMANDARE,ATT
1022,,6353,ALMIRANTE TAMANDARE,ATT
1023,,CKG,CAMPINA GRANDE DO SUL,CKG
1024,,6329,CONTENDA,CAK
1025,,6030,PINHAIS,PNIS
1026,,6263,PINHAIS,PNIS
1027,,6341,PIRAQUARA,PQA
1028,,6300,QUATRO BARRAS,QBS
1029,,6305,ALMIRANTE TAMANDARE,ATT
1030,,6221,SAO JOSE DOS PINHAIS,SJP
1031,,BOVE,BOA VENTURA DE SAO ROQUE,BOVE
1032,,COVO,COVO,COVO
1033,,GII,GUAMIRIM,GII
1034,,GUAE,GUAPORE,GUAE
1035,,OVPI,OURO VERDE DO PIQUIRI,OVPI
1036,,SNV,SANTA ISABEL DO IVAI,SNV
1037,,TUO,TURVO,TUO
1038,,UFR,UNIFLOR,UFR
1039,,VIRI,VILA RICA DO IVAI,VIRI
1040,,4161,PORTO BRASILIO,POBR
1041,,6397,CAMPO MAGRO,CAMG
1042,,CFW,CAFELANDIA,CFW
1043,,APCC,APUCARANA,APU
1044,,RBC,RIBEIRAO CLARO,RBC
1045,,5437,CURITIBA,CTA
1046,,5089,CURITIBA,CTA
1047,,5226,CURITIBA,CTA
1048,,5154,CURITIBA,CTA
1049,,5203,CURITIBA,CTA
1050,,5431,CURITIBA,CTA
1051,,3104,APUCARANA,APU
1052,,APJP,APUCARANA,APU
1053,,6204,ARAUCARIA,AUC
1054,,1109,BARRO PRETO,BAEO
1055,,6176,BUGRE,BUGE
1056,,6228,CAMPO MAGRO,CAMG
1057,,6362,SEM DESCRICAO,CBFW
1058,,6284,COLOMBO,CBX
1059,,6330,CAMPO LARGO,CLG
1060,,6216,FAZENDA RIO GRANDE,FZR
1061,,GUAV,GUAJUVIRA,GUAV
1062,,1016,PONTA GROSSA,PGO
1063,,LGDC,FLORIANOPOLIS,FNS
1064,,AICD,AREA INDUSTRIAL DE CACADOR,AICD
1065,,TIJ,TIJUCAS,TIJ
1066,,TIO,TIMBO,TIO
1067,,SERR,SAO JOSE,SOO
1068,,BARI,PALHOCA,PAC
1069,,KSOL,SAO JOSE,SOO
1070,,SRH,SAO MARTINHO,SRH
1071,,AOP5,GOVERNADOR CELSO RAMOS,GCS
1072,,JML2,SAO JOSE,SOO
1073,,AGNA,FLORIANOPOLIS,FNS
1074,,ALW,ANGELINA,ALW
1075,,PAC,PALHOCA,PAC
1076,,PIRB,JOINVILLE,JVE
1077,,CABJ,FLORIANOPOLIS,FNS
1078,,CICH,FLORIANOPOLIS,FNS
1079,,BFTA,JOINVILLE,JVE
1080,,AEPO,FLORIANOPOLIS,FNS
1081,,PBXO,SAO JOSE,SOO
1082,,GBR,GUABIRUBA,GBR
1083,,LHC2,TURVO,TVO
1084,,TECS,FLORIANOPOLIS,FNS
1085,,PRAN,FLORIANOPOLIS,FNS
1086,,SALB,FLORIANOPOLIS,FNS
1087,,ARMW,PICARRAS,PCX
1088,,BDSL,BALNEARIO BARRA DO SUL,BDSL
1089,,JCAR,BIGUACU,BGC
1090,,SUB1,APIUNA,APK
1091,,UUG8,URUSSANGA,UUG
1092,,FL02,JOINVILLE,JVE
1093,,FL36,JOINVILLE,JVE
1094,,FL84,JOINVILLE,JVE
1095,,VIDO,SAO JOAO DO SUL,SJL
1096,,BRIU,ARAQUARI,AQI
1097,,MWE1,JARAGUA DO SUL,JGS
1098,,GBOA,GAROPABA,GRB
1099,,PMAX,GOVERNADOR CELSO RAMOS,GCS
1100,,IBAN,IBIAM,IBAN
1101,,TAN,TANGARA,TAN
1102,,ROPR,RIO DAS PEDRAS,ROPR
1103,,BRAM,JARAGUA DO SUL,JGS
1104,,MRMO,JOINVILLE,JVE
1105,,TALT,POMERODE,POD
1106,,CBCG,FLORIANOPOLIS,FNS
1107,,D072,BRUSQUE,BQE
1108,,SUBI,APIUNA,APK
1109,,SJS,SAO JOAO BATISTA,SJS
1110,,PIMU,PALHOCA,PAC
1111,,PTCS,FLORIANOPOLIS,FNS
1112,,GCS,GOVERNADOR CELSO RAMOS,GCS
1113,,D114,CRICIUMA,CUA
1114,,AZM,ARMAZEM,AZM
1115,,NVT,NOVA TRENTO,NVT
1116,,AOP2,BIGUACU,BGC
1117,,BABG,FLORIANOPOLIS,FNS
1118,,PLUZ,FLORIANOPOLIS,FNS
1119,,IOME,IOMERE,IOME
1120,,D123,CRICIUMA,CUA
1121,,BODA,FLORIANOPOLIS,FNS
1122,,JMZ2,SAO JOSE,SOO
1123,,SALI,FLORIANOPOLIS,FNS
1124,,ENBR,PALHOCA,PAC
1125,,XXM,XAXIM,XXM
1126,,SOIU,SAO JOSE,SOO
1127,,AIP,ANITAPOLIS,AIP
1128,,IDL1,INDAIAL,IDL
1129,,D133,CUNHATAI,CUNI
1130,,D135,ENTRE RIOS,ETRI
1131,,IV10,BLUMENAU,BNU
1132,,STI1,SERTAO DO MARUIM,STMM
1133,,FL04,JOINVILLE,JVE
1134,,VAGA,VILA DA GLORIA,VAGA
1135,,FL91,JOINVILLE,JVE
1136,,BOSQ,SAO JOSE,SOO
1137,,IG12,JOINVILLE,JVE
1138,,GRV,GARUVA,GRV
1139,,CTCE,GUARAMIRIM,GMM
1140,,COQU,FLORIANOPOLIS,FNS
1141,,D277,INDAIAL,IDL
1142,,FL08,JOINVILLE,JVE
1143,,D285,IBIRAMA,IIR
1144,,D141,FLOR DO SERTAO,FLST
1145,,IPT,IPORA DO OESTE,IPT
1146,,SETA,PALHOCA,PAC
1147,,XXE,XANXERE,XXE
1148,,KPO,CORREIA PINTO,KPO
1149,,SGT1,ARARANGUA,ARU
1150,,JPIA,JUPIA,JPIA
1151,,SPAL,SAO PEDRO DE ALCANTARA,SPAL
1152,,LML,LAURO MULLER,LML
1153,,GRMA,GAROPABA,GRB
1154,,POET,ITAPOA,ITH
1155,,CTLG,COSTA DA LAGOA,CTLG
1156,,PUL,PAULO LOPES,PUL
1157,,ATR,ARROIO TRINTA,ATR
1158,,CABD,ITAJAI,IAI
1159,,MFA,MAFRA,MFA
1160,,VRGX,FLORIANOPOLIS,FNS
